/*!40101 SET @OLD_CHARACTER_SET_CLIENT=@@CHARACTER_SET_CLIENT */;
/*!40101 SET @OLD_CHARACTER_SET_RESULTS=@@CHARACTER_SET_RESULTS */;
/*!40101 SET @OLD_COLLATION_CONNECTION=@@COLLATION_CONNECTION */;
/*!40101 SET NAMES utf8 */;
/*!40014 SET @OLD_FOREIGN_KEY_CHECKS=@@FOREIGN_KEY_CHECKS, FOREIGN_KEY_CHECKS=0 */;
/*!40101 SET @OLD_SQL_MODE=@@SQL_MODE, SQL_MODE='NO_AUTO_VALUE_ON_ZERO' */;
/*!40111 SET @OLD_SQL_NOTES=@@SQL_NOTES, SQL_NOTES=0 */;

CREATE DATABASE /*!32312 IF NOT EXISTS*/ keep_learning /*!40100 DEFAULT CHARACTER SET utf8mb4 */;
USE keep_learning;

DROP TABLE IF EXISTS comments;
CREATE TABLE `comments` (
  `id` int NOT NULL AUTO_INCREMENT,
  `comment` text NOT NULL,
  `feed` int NOT NULL,
  `user` int NOT NULL,
  `date` datetime NOT NULL,
  PRIMARY KEY (`id`),
  KEY `user` (`user`),
  KEY `feed` (`feed`),
  CONSTRAINT `comments_ibfk_1` FOREIGN KEY (`user`) REFERENCES `users` (`id`),
  CONSTRAINT `comments_ibfk_2` FOREIGN KEY (`feed`) REFERENCES `feeds` (`id`)
) ENGINE=InnoDB AUTO_INCREMENT=53 DEFAULT CHARSET=utf8mb4 COLLATE=utf8mb4_0900_ai_ci;

DROP TABLE IF EXISTS course_has_language;
CREATE TABLE `course_has_language` (
  `course` int NOT NULL,
  `language` int NOT NULL,
  PRIMARY KEY (`course`,`language`),
  KEY `language` (`language`),
  CONSTRAINT `course_has_language_ibfk_1` FOREIGN KEY (`course`) REFERENCES `courses` (`id`),
  CONSTRAINT `course_has_language_ibfk_2` FOREIGN KEY (`language`) REFERENCES `languages` (`id`)
) ENGINE=InnoDB DEFAULT CHARSET=utf8mb4 COLLATE=utf8mb4_0900_ai_ci;

DROP TABLE IF EXISTS courses;
CREATE TABLE `courses` (
  `id` int NOT NULL AUTO_INCREMENT,
  `name` varchar(255) NOT NULL,
  `description` text NOT NULL,
  `url` varchar(1020) NOT NULL,
  `duration` tinyint NOT NULL,
  `level` enum('iniciante','médio','difícil') NOT NULL,
  `site` int NOT NULL,
  `image1` varchar(255) DEFAULT NULL,
  `image2` varchar(255) DEFAULT NULL,
  `image3` varchar(222) DEFAULT NULL,
  PRIMARY KEY (`id`),
  KEY `site` (`site`),
  CONSTRAINT `courses_ibfk_1` FOREIGN KEY (`site`) REFERENCES `websites` (`id`)
) ENGINE=InnoDB AUTO_INCREMENT=9 DEFAULT CHARSET=utf8mb4 COLLATE=utf8mb4_0900_ai_ci;

DROP TABLE IF EXISTS feeds;
CREATE TABLE `feeds` (
  `id` int NOT NULL AUTO_INCREMENT,
  `date` datetime NOT NULL,
  `course` int NOT NULL,
  PRIMARY KEY (`id`),
  KEY `course` (`course`),
  CONSTRAINT `feeds_ibfk_1` FOREIGN KEY (`course`) REFERENCES `courses` (`id`)
) ENGINE=InnoDB AUTO_INCREMENT=9 DEFAULT CHARSET=utf8mb4 COLLATE=utf8mb4_0900_ai_ci;

DROP TABLE IF EXISTS languages;
CREATE TABLE `languages` (
  `id` int NOT NULL AUTO_INCREMENT,
  `language` varchar(10) NOT NULL,
  PRIMARY KEY (`id`)
) ENGINE=InnoDB AUTO_INCREMENT=4 DEFAULT CHARSET=utf8mb4 COLLATE=utf8mb4_0900_ai_ci;

DROP TABLE IF EXISTS users;
CREATE TABLE `users` (
  `id` int NOT NULL AUTO_INCREMENT,
  `email` varchar(250) NOT NULL,
  `name` varchar(250) NOT NULL,
  PRIMARY KEY (`id`)
) ENGINE=InnoDB AUTO_INCREMENT=3 DEFAULT CHARSET=utf8mb4 COLLATE=utf8mb4_0900_ai_ci;

DROP TABLE IF EXISTS websites;
CREATE TABLE `websites` (
  `id` int NOT NULL AUTO_INCREMENT,
  `name` varchar(255) NOT NULL,
  `avatar` varchar(255) NOT NULL,
  `url` varchar(1020) NOT NULL,
  `date` datetime NOT NULL,
  PRIMARY KEY (`id`),
  UNIQUE KEY `name` (`name`)
) ENGINE=InnoDB AUTO_INCREMENT=7 DEFAULT CHARSET=utf8mb4 COLLATE=utf8mb4_0900_ai_ci;

CREATE OR REPLACE VIEW `comments_for_comments_screen` AS select `c`.`id` AS `id`,`c`.`comment` AS `comment`,date_format(`c`.`date`,'%Y-%m-%d %T') AS `date`,`u`.`name` AS `user_name`,`u`.`email` AS `user_email`,`crs`.`id` AS `course_id` from ((`comments` `c` join `users` `u` on((`u`.`id` = `c`.`user`))) join `courses` `crs` on((`crs`.`id` = `c`.`feed`)));

CREATE OR REPLACE VIEW `feeds_for_details` AS select `f`.`id` AS `feedId`,`c`.`name` AS `course`,`c`.`duration` AS `duration`,`c`.`description` AS `description`,`c`.`level` AS `level`,`c`.`url` AS `url`,`c`.`image1` AS `image1`,ifnull(`c`.`image2`,'') AS `image2`,ifnull(`c`.`image3`,'') AS `image3`,`l`.`language` AS `language`,`w`.`name` AS `site`,`w`.`avatar` AS `avatar` from ((((`feeds` `f` join `courses` `c` on((`c`.`id` = `f`.`course`))) join `course_has_language` `cl` on((`c`.`id` = `cl`.`course`))) join `languages` `l` on((`l`.`id` = `cl`.`language`))) join `websites` `w` on((`w`.`id` = `c`.`site`)));

CREATE OR REPLACE VIEW `feeds_for_feeds_screen` AS select `f`.`id` AS `feedId`,`c`.`name` AS `course`,`w`.`name` AS `site`,`c`.`description` AS `description`,`c`.`image1` AS `image1`,`w`.`avatar` AS `avatar` from ((`feeds` `f` join `courses` `c` on((`f`.`course` = `c`.`id`))) join `websites` `w` on((`c`.`site` = `w`.`id`))) order by `f`.`date` desc;


INSERT INTO comments(id,comment,feed,user,date) VALUES(1,X'457469616d20617420746f72746f72206d692e20566573746962756c756d2070756c76696e6172206e69626820696e20746f72746f722070686172657472612073616769747469732e204d6175726973206120626c616e6469742066656c69732c20612070656c6c656e746573717565206c6f72656d',1,1,'2021-04-24 22:31:51'),(2,X'457469616d20617420746f72746f72206d692e20566573746962756c756d2070756c76696e6172206e69626820696e20746f72746f722070686172657472612073616769747469732e204d6175726973206120626c616e6469742066656c69732c20612070656c6c656e746573717565206c6f72656d',1,1,'2021-04-24 22:31:51'),(3,X'457469616d20617420746f72746f72206d692e20566573746962756c756d2070756c76696e6172206e69626820696e20746f72746f722070686172657472612073616769747469732e204d6175726973206120626c616e6469742066656c69732c20612070656c6c656e746573717565206c6f72656d',1,1,'2021-04-24 22:31:51'),(4,X'457469616d20617420746f72746f72206d692e20566573746962756c756d2070756c76696e6172206e69626820696e20746f72746f722070686172657472612073616769747469732e204d6175726973206120626c616e6469742066656c69732c20612070656c6c656e746573717565206c6f72656d',1,1,'2021-04-24 22:31:51'),(5,X'457469616d20617420746f72746f72206d692e20566573746962756c756d2070756c76696e6172206e69626820696e20746f72746f722070686172657472612073616769747469732e204d6175726973206120626c616e6469742066656c69732c20612070656c6c656e746573717565206c6f72656d',1,1,'2021-04-24 22:31:51'),(6,X'457469616d20617420746f72746f72206d692e20566573746962756c756d2070756c76696e6172206e69626820696e20746f72746f722070686172657472612073616769747469732e204d6175726973206120626c616e6469742066656c69732c20612070656c6c656e746573717565206c6f72656d',1,1,'2021-04-24 22:31:51'),(7,X'457469616d20617420746f72746f72206d692e20566573746962756c756d2070756c76696e6172206e69626820696e20746f72746f722070686172657472612073616769747469732e204d6175726973206120626c616e6469742066656c69732c20612070656c6c656e746573717565206c6f72656d',1,1,'2021-04-24 22:31:51'),(8,X'457469616d20617420746f72746f72206d692e20566573746962756c756d2070756c76696e6172206e69626820696e20746f72746f722070686172657472612073616769747469732e204d6175726973206120626c616e6469742066656c69732c20612070656c6c656e746573717565206c6f72656d',1,1,'2021-04-24 22:31:51'),(9,X'457469616d20617420746f72746f72206d692e20566573746962756c756d2070756c76696e6172206e69626820696e20746f72746f722070686172657472612073616769747469732e204d6175726973206120626c616e6469742066656c69732c20612070656c6c656e746573717565206c6f72656d',1,1,'2021-04-24 22:31:51'),(10,X'457469616d20617420746f72746f72206d692e20566573746962756c756d2070756c76696e6172206e69626820696e20746f72746f722070686172657472612073616769747469732e204d6175726973206120626c616e6469742066656c69732c20612070656c6c656e746573717565206c6f72656d',1,1,'2021-04-24 22:31:51'),(11,X'457469616d20617420746f72746f72206d692e20566573746962756c756d2070756c76696e6172206e69626820696e20746f72746f722070686172657472612073616769747469732e204d6175726973206120626c616e6469742066656c69732c20612070656c6c656e746573717565206c6f72656d',1,1,'2021-04-24 22:31:51'),(12,X'457469616d20617420746f72746f72206d692e20566573746962756c756d2070756c76696e6172206e69626820696e20746f72746f722070686172657472612073616769747469732e204d6175726973206120626c616e6469742066656c69732c20612070656c6c656e746573717565206c6f72656d',1,1,'2021-04-24 22:31:51'),(13,X'457469616d20617420746f72746f72206d692e20566573746962756c756d2070756c76696e6172206e69626820696e20746f72746f722070686172657472612073616769747469732e204d6175726973206120626c616e6469742066656c69732c20612070656c6c656e746573717565206c6f72656d',2,1,'2021-04-24 22:31:51'),(14,X'457469616d20617420746f72746f72206d692e20566573746962756c756d2070756c76696e6172206e69626820696e20746f72746f722070686172657472612073616769747469732e204d6175726973206120626c616e6469742066656c69732c20612070656c6c656e746573717565206c6f72656d',2,1,'2021-04-24 22:31:51'),(15,X'457469616d20617420746f72746f72206d692e20566573746962756c756d2070756c76696e6172206e69626820696e20746f72746f722070686172657472612073616769747469732e204d6175726973206120626c616e6469742066656c69732c20612070656c6c656e746573717565206c6f72656d',3,1,'2021-04-24 22:31:51'),(16,X'457469616d20617420746f72746f72206d692e20566573746962756c756d2070756c76696e6172206e69626820696e20746f72746f722070686172657472612073616769747469732e204d6175726973206120626c616e6469742066656c69732c20612070656c6c656e746573717565206c6f72656d',4,1,'2021-04-24 22:31:51'),(17,X'457469616d20617420746f72746f72206d692e20566573746962756c756d2070756c76696e6172206e69626820696e20746f72746f722070686172657472612073616769747469732e204d6175726973206120626c616e6469742066656c69732c20612070656c6c656e746573717565206c6f72656d',5,1,'2021-04-24 22:31:51'),(18,X'457469616d20617420746f72746f72206d692e20566573746962756c756d2070756c76696e6172206e69626820696e20746f72746f722070686172657472612073616769747469732e204d6175726973206120626c616e6469742066656c69732c20612070656c6c656e746573717565206c6f72656d',6,1,'2021-04-24 22:31:51'),(19,X'457469616d20617420746f72746f72206d692e20566573746962756c756d2070756c76696e6172206e69626820696e20746f72746f722070686172657472612073616769747469732e204d6175726973206120626c616e6469742066656c69732c20612070656c6c656e746573717565206c6f72656d',7,1,'2021-04-24 22:31:51'),(20,X'457469616d20617420746f72746f72206d692e20566573746962756c756d2070756c76696e6172206e69626820696e20746f72746f722070686172657472612073616769747469732e204d6175726973206120626c616e6469742066656c69732c20612070656c6c656e746573717565206c6f72656d',2,1,'2021-04-24 22:31:51'),(21,X'457469616d20617420746f72746f72206d692e20566573746962756c756d2070756c76696e6172206e69626820696e20746f72746f722070686172657472612073616769747469732e204d6175726973206120626c616e6469742066656c69732c20612070656c6c656e746573717565206c6f72656d',2,1,'2021-04-24 22:31:51'),(22,X'457469616d20617420746f72746f72206d692e20566573746962756c756d2070756c76696e6172206e69626820696e20746f72746f722070686172657472612073616769747469732e204d6175726973206120626c616e6469742066656c69732c20612070656c6c656e746573717565206c6f72656d',3,1,'2021-04-24 22:31:51'),(23,X'457469616d20617420746f72746f72206d692e20566573746962756c756d2070756c76696e6172206e69626820696e20746f72746f722070686172657472612073616769747469732e204d6175726973206120626c616e6469742066656c69732c20612070656c6c656e746573717565206c6f72656d',4,1,'2021-04-24 22:31:51'),(24,X'457469616d20617420746f72746f72206d692e20566573746962756c756d2070756c76696e6172206e69626820696e20746f72746f722070686172657472612073616769747469732e204d6175726973206120626c616e6469742066656c69732c20612070656c6c656e746573717565206c6f72656d',5,1,'2021-04-24 22:31:51'),(25,X'457469616d20617420746f72746f72206d692e20566573746962756c756d2070756c76696e6172206e69626820696e20746f72746f722070686172657472612073616769747469732e204d6175726973206120626c616e6469742066656c69732c20612070656c6c656e746573717565206c6f72656d',6,1,'2021-04-24 22:31:51'),(26,X'457469616d20617420746f72746f72206d692e20566573746962756c756d2070756c76696e6172206e69626820696e20746f72746f722070686172657472612073616769747469732e204d6175726973206120626c616e6469742066656c69732c20612070656c6c656e746573717565206c6f72656d',7,1,'2021-04-24 22:31:51'),(27,X'457469616d20617420746f72746f72206d692e20566573746962756c756d2070756c76696e6172206e69626820696e20746f72746f722070686172657472612073616769747469732e204d6175726973206120626c616e6469742066656c69732c20612070656c6c656e746573717565206c6f72656d',1,1,'2021-04-24 22:33:45'),(28,X'457469616d20617420746f72746f72206d692e20566573746962756c756d2070756c76696e6172206e69626820696e20746f72746f722070686172657472612073616769747469732e204d6175726973206120626c616e6469742066656c69732c20612070656c6c656e746573717565206c6f72656d',1,1,'2021-04-24 22:33:45'),(29,X'457469616d20617420746f72746f72206d692e20566573746962756c756d2070756c76696e6172206e69626820696e20746f72746f722070686172657472612073616769747469732e204d6175726973206120626c616e6469742066656c69732c20612070656c6c656e746573717565206c6f72656d',1,1,'2021-04-24 22:33:45'),(30,X'457469616d20617420746f72746f72206d692e20566573746962756c756d2070756c76696e6172206e69626820696e20746f72746f722070686172657472612073616769747469732e204d6175726973206120626c616e6469742066656c69732c20612070656c6c656e746573717565206c6f72656d',1,1,'2021-04-24 22:33:45'),(31,X'457469616d20617420746f72746f72206d692e20566573746962756c756d2070756c76696e6172206e69626820696e20746f72746f722070686172657472612073616769747469732e204d6175726973206120626c616e6469742066656c69732c20612070656c6c656e746573717565206c6f72656d',1,1,'2021-04-24 22:33:45'),(32,X'457469616d20617420746f72746f72206d692e20566573746962756c756d2070756c76696e6172206e69626820696e20746f72746f722070686172657472612073616769747469732e204d6175726973206120626c616e6469742066656c69732c20612070656c6c656e746573717565206c6f72656d',1,1,'2021-04-24 22:33:45'),(33,X'457469616d20617420746f72746f72206d692e20566573746962756c756d2070756c76696e6172206e69626820696e20746f72746f722070686172657472612073616769747469732e204d6175726973206120626c616e6469742066656c69732c20612070656c6c656e746573717565206c6f72656d',1,1,'2021-04-24 22:33:45'),(34,X'457469616d20617420746f72746f72206d692e20566573746962756c756d2070756c76696e6172206e69626820696e20746f72746f722070686172657472612073616769747469732e204d6175726973206120626c616e6469742066656c69732c20612070656c6c656e746573717565206c6f72656d',1,1,'2021-04-24 22:33:45'),(35,X'457469616d20617420746f72746f72206d692e20566573746962756c756d2070756c76696e6172206e69626820696e20746f72746f722070686172657472612073616769747469732e204d6175726973206120626c616e6469742066656c69732c20612070656c6c656e746573717565206c6f72656d',1,1,'2021-04-24 22:33:45'),(36,X'457469616d20617420746f72746f72206d692e20566573746962756c756d2070756c76696e6172206e69626820696e20746f72746f722070686172657472612073616769747469732e204d6175726973206120626c616e6469742066656c69732c20612070656c6c656e746573717565206c6f72656d',1,1,'2021-04-24 22:33:45'),(37,X'457469616d20617420746f72746f72206d692e20566573746962756c756d2070756c76696e6172206e69626820696e20746f72746f722070686172657472612073616769747469732e204d6175726973206120626c616e6469742066656c69732c20612070656c6c656e746573717565206c6f72656d',1,1,'2021-04-24 22:33:45'),(38,X'457469616d20617420746f72746f72206d692e20566573746962756c756d2070756c76696e6172206e69626820696e20746f72746f722070686172657472612073616769747469732e204d6175726973206120626c616e6469742066656c69732c20612070656c6c656e746573717565206c6f72656d',1,1,'2021-04-24 22:33:45'),(39,X'457469616d20617420746f72746f72206d692e20566573746962756c756d2070756c76696e6172206e69626820696e20746f72746f722070686172657472612073616769747469732e204d6175726973206120626c616e6469742066656c69732c20612070656c6c656e746573717565206c6f72656d',2,1,'2021-04-24 22:33:45'),(40,X'457469616d20617420746f72746f72206d692e20566573746962756c756d2070756c76696e6172206e69626820696e20746f72746f722070686172657472612073616769747469732e204d6175726973206120626c616e6469742066656c69732c20612070656c6c656e746573717565206c6f72656d',2,1,'2021-04-24 22:33:45'),(41,X'457469616d20617420746f72746f72206d692e20566573746962756c756d2070756c76696e6172206e69626820696e20746f72746f722070686172657472612073616769747469732e204d6175726973206120626c616e6469742066656c69732c20612070656c6c656e746573717565206c6f72656d',3,1,'2021-04-24 22:33:45'),(42,X'457469616d20617420746f72746f72206d692e20566573746962756c756d2070756c76696e6172206e69626820696e20746f72746f722070686172657472612073616769747469732e204d6175726973206120626c616e6469742066656c69732c20612070656c6c656e746573717565206c6f72656d',4,1,'2021-04-24 22:33:45'),(43,X'457469616d20617420746f72746f72206d692e20566573746962756c756d2070756c76696e6172206e69626820696e20746f72746f722070686172657472612073616769747469732e204d6175726973206120626c616e6469742066656c69732c20612070656c6c656e746573717565206c6f72656d',5,1,'2021-04-24 22:33:45'),(44,X'457469616d20617420746f72746f72206d692e20566573746962756c756d2070756c76696e6172206e69626820696e20746f72746f722070686172657472612073616769747469732e204d6175726973206120626c616e6469742066656c69732c20612070656c6c656e746573717565206c6f72656d',6,1,'2021-04-24 22:33:45'),(45,X'457469616d20617420746f72746f72206d692e20566573746962756c756d2070756c76696e6172206e69626820696e20746f72746f722070686172657472612073616769747469732e204d6175726973206120626c616e6469742066656c69732c20612070656c6c656e746573717565206c6f72656d',7,1,'2021-04-24 22:33:45'),(46,X'457469616d20617420746f72746f72206d692e20566573746962756c756d2070756c76696e6172206e69626820696e20746f72746f722070686172657472612073616769747469732e204d6175726973206120626c616e6469742066656c69732c20612070656c6c656e746573717565206c6f72656d',2,1,'2021-04-24 22:33:45'),(47,X'457469616d20617420746f72746f72206d692e20566573746962756c756d2070756c76696e6172206e69626820696e20746f72746f722070686172657472612073616769747469732e204d6175726973206120626c616e6469742066656c69732c20612070656c6c656e746573717565206c6f72656d',2,1,'2021-04-24 22:33:45'),(48,X'457469616d20617420746f72746f72206d692e20566573746962756c756d2070756c76696e6172206e69626820696e20746f72746f722070686172657472612073616769747469732e204d6175726973206120626c616e6469742066656c69732c20612070656c6c656e746573717565206c6f72656d',3,1,'2021-04-24 22:33:45'),(49,X'457469616d20617420746f72746f72206d692e20566573746962756c756d2070756c76696e6172206e69626820696e20746f72746f722070686172657472612073616769747469732e204d6175726973206120626c616e6469742066656c69732c20612070656c6c656e746573717565206c6f72656d',4,1,'2021-04-24 22:33:45'),(50,X'457469616d20617420746f72746f72206d692e20566573746962756c756d2070756c76696e6172206e69626820696e20746f72746f722070686172657472612073616769747469732e204d6175726973206120626c616e6469742066656c69732c20612070656c6c656e746573717565206c6f72656d',5,1,'2021-04-24 22:33:45'),(51,X'457469616d20617420746f72746f72206d692e20566573746962756c756d2070756c76696e6172206e69626820696e20746f72746f722070686172657472612073616769747469732e204d6175726973206120626c616e6469742066656c69732c20612070656c6c656e746573717565206c6f72656d',6,1,'2021-04-24 22:33:45'),(52,X'457469616d20617420746f72746f72206d692e20566573746962756c756d2070756c76696e6172206e69626820696e20746f72746f722070686172657472612073616769747469732e204d6175726973206120626c616e6469742066656c69732c20612070656c6c656e746573717565206c6f72656d',7,1,'2021-04-24 22:33:45');

INSERT INTO course_has_language(course,language) VALUES(1,1),(2,1),(3,1),(4,1),(5,1),(6,1),(7,1),(8,1),(1,2),(5,2),(6,3);

INSERT INTO courses(id,name,description,url,duration,level,site,image1,image2,image3) VALUES(1,'Inglês para iniciantes',X'4f206f626a657469766f20646f20637572736f2042617369632052657669657720c3a9207265746f6d617220616c67756e7320636f6e686563696d656e746f73206c696e6775c3ad737469636f7320657373656e6369616973206461206cc3ad6e67756120696e676c6573612c206f7320717561697320766f63c3aa20706f6465206174c3a92074657220657374756461646f20656d20737561206a6f726e616461206573636f6c61722c206d61732c2074616c76657a2c20657374656a616d20756d20706f75636f2065737175656369646f730a416f2066696e616c20646573746520636f6e7465c3ba646f2c20766f63c3aa20746572c3a12061206f706f7274756e696461646520646520726576657220696e666f726d61c3a7c3b565732071756520617578696c696172c3a36f206e61206170726f70726961c3a7c3a36f20646520636f6e7465c3ba646f73206d61697320636f6d706c65786f732e','https://www.ev.org.br/cursos/lingua-inglesa-basic-review',3,'iniciante',1,'bradescofundacaobradesco1.png','bradescofundacaobradesco2','bradescofundacaobradesco3'),(2,'Comunicação Escrita e Oral',X'437572736f2062c3a17369636f20646520706f7274756775c3aa7320636f6d20666f636f206e612073756120766964612070726f66697373696f6e616c2c20636f6d20656c652070726574656e64652d736520646172207365677572616ec3a76120617320706573736f617320636f6d65c3a7617220617320737561732070726f6475c3a7c3b565732074657874756169732e','https://www.ev.org.br/cursos/comunicacao-escritareview',40,'iniciante',1,'bradescofundacaobradesco1.png','bradescofundacaobradesco2','bradescofundacaobradesco3'),(3,'Banco de Dados 1',X'436f6e636569746f732066756e64616d656e746169733b204d6f64656c6f732065206d6f64656c6167656d206465206461646f733b204f206d6f64656c6f206465206461646f732072656c6163696f6e616c3b204e6f726d616c697a61c3a7c3a36f206465206461646f732e','https://moodle.ifrs.edu.br/course/view.php?id=3178',20,'iniciante',2,'ifrsmoodle1.png','ifrsmoodle2.png','ifrsmoodle3.png'),(4,'JavaScript',X'43617072656e646120612061646963696f6e617220696e74657261746976696461646520656d20737561732070c3a167696e61732048544d4c2c20636f6d6f20612063726961c3a7c3a36f2064652070657175656e6f732070726f6772616d61732c2076616c696461c3a7c3a36f20646520666f726d756cc3a172696f732c2075736f206465206269626c696f7465636173','https://moodle.ifrs.edu.br/course/view.php?id=3178',30,'iniciante',2,'ifrsmoodle1.png','ifrsmoodle2.png','ifrsmoodle3.png'),(5,'Inglês 1',X'4964656e746966696361c3a7c3a36f2065204361726163746572697a61c3a7c3a36f20506573736f616c3b204c6f63616c697a61c3a7c3a36f206e6f2054656d706f2065206e6f2045737061c3a76f2e','https://moodle.ifrs.edu.br/enrol/index.php?id=2950',30,'iniciante',2,'ifrsmoodle1.png','ifrsmoodle2.png','ifrsmoodle3.png'),(6,'Espanhol 1',X'53616c75646f73207920646573706564696461732c20616c66616265746f2c2070726f6e6f6d6272657320706572736f6e616c65732c20766572626f73207365722c2065737461722c2076697669722079206c6c616d617273653b2050726f666573696f6e65732c206c6f7320617274c3ad63756c6f73206465666e69646f732c206c6f732070726f6e6f6d6272657320696e746572726f67617469766f732079206578636c616d617469766f732c206c6f73206ec3ba6d65726f732063617264696e616c65732c20766572626f20e2809874656e6572e280993b204f726967656e2079206c61206e6163696f6e616c696461642c206c6f7320617274c3ad63756c6f7320696e64657465726d696e61646f732c206c6f732073757374616e7469766f732c206964656e7469666361722061646a657469766f732c206c6173207265676c617320646520706c7572616c697a616369c3b36e2064652070616c61627261732c20636f6e6f636572206c6f73206e756d6572616c6573206f7264696e616c65732e','https://moodle.ifrs.edu.br/enrol/index.php?id=2892',30,'iniciante',2,'ifrsmoodle1.png','ifrsmoodle2.png','ifrsmoodle3.png'),(7,'Raspberry PI Básico para IoT',X'496e74726f6475c3a7c3a36f20616f205261737062657272792050492050726f6772616d61c3a7c3a36f205368656c6c2c205365727669c3a76f732064652052656465732053697374656d61206465204361707475726120646520496d6167656e73','https://moodle.ifrs.edu.br/course/view.php?id=3178',40,'iniciante',2,'ifrsmoodle1.png','ifrsmoodle2.png','ifrsmoodle3.png'),(8,'JavaScript',X'417072656e646120612061646963696f6e617220696e74657261746976696461646520656d20737561732070c3a167696e61732048544d4c2c20636f6d6f20612063726961c3a7c3a36f2064652070657175656e6f732070726f6772616d61732c2076616c696461c3a7c3a36f20646520666f726d756cc3a172696f732c2075736f206465206269626c696f7465636173','https://moodle.ifrs.edu.br/course/view.php?id=3178',30,'iniciante',2,'ifrsmoodle1.png','ifrsmoodle2.png','ifrsmoodle3.png');

INSERT INTO feeds(id,date,course) VALUES(1,'2021-04-24 19:33:38',1),(2,'2021-04-24 19:33:38',2),(3,'2021-04-24 19:33:38',3),(4,'2021-04-24 19:33:38',4),(5,'2021-04-24 19:33:38',5),(6,'2021-04-24 19:33:38',6),(7,'2021-04-24 19:33:38',7),(8,'2021-04-24 19:33:38',8);

INSERT INTO languages(id,language) VALUES(1,'pt-br'),(2,'en-us'),(3,'es-es');

INSERT INTO users(id,email,name) VALUES(1,'endereco@email.com','Carlos Eduardo'),(2,'endereco@email.com','Carlos Eduardo');
INSERT INTO websites(id,name,avatar,url,date) VALUES(1,'Fundação Bradesco','bradesco.jpg','https://www.ev.org.br/','2021-04-24 19:05:10'),(2,'moodleIFRS','ifrs.png','https://moodle.ifrs.edu.br/','2021-04-24 19:05:10');







/*!40111 SET SQL_NOTES=@OLD_SQL_NOTES */;
/*!40101 SET SQL_MODE=@OLD_SQL_MODE */;
/*!40014 SET FOREIGN_KEY_CHECKS=@OLD_FOREIGN_KEY_CHECKS */;
/*!40101 SET CHARACTER_SET_CLIENT=@OLD_CHARACTER_SET_CLIENT */;
/*!40101 SET CHARACTER_SET_RESULTS=@OLD_CHARACTER_SET_RESULTS */;
/*!40101 SET COLLATION_CONNECTION=@OLD_COLLATION_CONNECTION */;
